Timestamp,Username,IP,Data
2024-07-02 12:16:09,Toshiba,192.168.100.200,Test clipboard text
2024-07-02 12:16:19,Toshiba,192.168.100.200,"def log_clipboard(data):
    try:
        last_clipboard_value = getattr(log_clipboard, ""last_value"", None)

        if data != last_clipboard_value:
            timestamp = datetime.now().strftime(""%Y-%m-%d %H:%M:%S"")
            username = get_username()
            ip = get_ip()

            # Set up user directories
            user_dir, clipboard_dir, screenshot_dir, files_dir, video_dir = (
                setup_user_directories(username)
            )

            conn = sqlite3.connect(DB_FILE)
            c = conn.cursor()

            if isinstance(data, list):  # Check if data is a list of file paths
                for file_path in data:
                    if os.path.isfile(file_path):
                        try:
                            dest_path = os.path.join(files_dir, os.path.basename(file_path))
                            shutil.copy(file_path, dest_path)  # Copy the file to server
                            log_entry = f""Clipboard: copy path: {file_path}, paste path: {dest_path}""

                            c.execute(
                                ""INSERT INTO clipboard_logs (timestamp, username, ip, text) VALUES (?, ?, ?, ?)"",
                                (timestamp, username, ip, log_entry),
                            )
                            print(f""Clipboard logged: {log_entry}"")
                        except Exception as e:
                            print(f""Error logging clipboard file: {e}"")
                    else:
                        print(f""File not found: {file_path}"")

            else:
                log_entry = f""Clipboard: {data}""

                # Save clipboard text to CSV
                csv_file_path = os.path.join(clipboard_dir, ""clipboard_logs.csv"")
                file_exists = os.path.isfile(csv_file_path)

                try:
                    with open(csv_file_path, mode=""a"", newline="""") as csv_file:
                        csv_writer = csv.writer(csv_file)
                        if not file_exists:
                            csv_writer.writerow(
                                [""Timestamp"", ""Username"", ""IP"", ""Data""]
                            )  # Write headers
                        csv_writer.writerow([timestamp, username, ip, data])

                    c.execute(
                        ""INSERT INTO clipboard_logs (timestamp, username, ip, text) VALUES (?, ?, ?, ?)"",
                        (timestamp, username, ip, log_entry),
                    )
                    print(f""Clipboard logged: {log_entry}"")
                except Exception as e:
                    print(f""Error logging clipboard text: {e}"")

            conn.commit()
            conn.close()

            log_clipboard.last_value = data

    except Exception as e:
        print(f""Error logging clipboard data: {e}"")

# Test the function
log_clipboard(""Test clipboard text"")"
2024-07-02 12:16:26,Toshiba,192.168.100.200,the function does not seems to be working as i copied the file and nothing is logged nor the error in the console as it's logging the clipboard text conten
2024-07-02 12:23:59,Toshiba,192.168.100.200,Test clipboard text
2024-07-04 19:55:44,Toshiba,192.168.100.200,"jquery-3.6.0.min.js:2 
 
 GET http://localhost:8080/screenshots.html 404 (NOT FOUND)
(index):19652 
 Error loading screenshots: NOT FOUND
error	@	(index):19652
c	@	jquery-3.6.0.min.js:2
fireWith	@	jquery-3.6.0.min.js:2
l	@	jquery-3.6.0.min.js:2
(anonymous)	@	jquery-3.6.0.min.js:2
load (async)		
send	@	jquery-3.6.0.min.js:2
ajax	@	jquery-3.6.0.min.js:2
(anonymous)	@	(index):19643
dispatch	@	jquery-3.6.0.min.js:2
v.handle	@	jquery-3.6.0.min.js:2"
2024-07-04 19:57:32,Toshiba,192.168.100.200," <main class=""col-md-10"">"
2024-07-04 19:58:31,Toshiba,192.168.100.200,"          <div id=""keystrokesContent"">
"
2024-07-04 20:05:32,Toshiba,192.168.100.200,"def start_http_server():
    # Specify the directory containing your screenshots
    screenshot_dir = os.path.abspath(""LoggedData/Toshiba/Screenshot"")

    # Command to start http.server on port 8000
    command = [""python"", ""-m"", ""http.server"", ""8000"", ""--directory"", screenshot_dir]
    print(command)

    # Start subprocess
    try:
        subprocess.Popen(command, stdout=subprocess.PIPE, stderr=subprocess.PIPE)
        print(f""HTTP server started at {command}"")
    except Exception as e:
        print(f""Error starting HTTP server: {e}"")"
2024-07-04 20:07:35,Toshiba,192.168.100.200,"def start_http_server():
    # Specify the directory containing your screenshots
    screenshot_dir = os.path.abspath(""LoggedData/Toshiba/Screenshot"")

    # Command to start http.server on port 8000
    command = [""python"", ""-m"", ""http.server"", ""8000"", ""--directory"", screenshot_dir]
    print(f""Starting HTTP server with command: {' '.join(command)}"")

    try:
        # Start subprocess
        subprocess.Popen(command, stdout=subprocess.PIPE, stderr=subprocess.PIPE)
        print(f""HTTP server started. Serving files from {screenshot_dir} on port 8000."")
    except Exception as e:
        print(f""Error starting HTTP server: {e}"")"
2024-07-04 20:10:48,Toshiba,192.168.100.200,"This page isn’t working right nowlocalhost didn’t send any data.
ERR_EMPTY_RESPONSE"
2024-07-04 20:11:38,Toshiba,192.168.100.200,http://localhost:8080/
2024-07-04 20:11:53,Toshiba,192.168.100.200,"GET http://localhost:8000/screenshot_20240703_095329.png net::ERR_EMPTY_RESPONSE
screenshots:70 
        
        
        GET http://localhost:8000/screenshot_20240703_095328.png net::ERR_EMPTY_RESPONSE
screenshots:58 
        
        
        GET http://localhost:8000/screenshot_20240703_095321.png net::ERR_EMPTY_RESPONSE
screenshots:46 
        
        
        GET http://localhost:8000/screenshot_20240703_095318.png net::ERR_EMPTY_RESPONSE
screenshots:34 
        
        
        GET http://localhost:8000/screenshot_20240703_095316.png net::ERR_EMPTY_RESPONSE
screenshots:94 
        
        
        GET http://localhost:8000/screenshot_20240703_095331.png net::ERR_EMPTY_RESPONSE
screenshots:178 
        
        
        GET http://localhost:8000/screenshot_20240703_095604.png net::ERR_EMPTY_RESPONSE"
2024-07-04 20:12:30,Toshiba,192.168.100.200,"sudo netstat -tuln | grep 8000
"
2024-07-04 20:13:49,Toshiba,192.168.100.200,"netstat -ano | findstr :8000
"
2024-07-04 20:13:58,Toshiba,192.168.100.200," TCP    0.0.0.0:8000           0.0.0.0:0              LISTENING       10448
  TCP    0.0.0.0:8000           0.0.0.0:0              LISTENING       10352
  TCP    0.0.0.0:8000           0.0.0.0:0              LISTENING       3696
  TCP    0.0.0.0:8000           0.0.0.0:0              LISTENING       16176
  TCP    127.0.0.1:45688        127.0.0.1:8000         TIME_WAIT       0
  TCP    [::]:8000              [::]:0                 LISTENING       3696
  TCP    [::]:8000              [::]:0                 LISTENING       10352
  TCP    [::]:8000              [::]:0                 LISTENING       16176
  TCP    [::]:8000              [::]:0                 LISTENING       10448
  TCP    [::1]:8000             [::1]:45749            TIME_WAIT       0
  TCP    [::1]:8000             [::1]:45750            TIME_WAIT       0
  TCP    [::1]:8000             [::1]:45751            TIME_WAIT       0
  TCP    [::1]:8000             [::1]:45752            TIME_WAIT       0
  TCP    [::1]:8000             [::1]:45753            TIME_WAIT       0
  TCP    [::1]:8000             [::1]:45754            TIME_WAIT       0
  TCP    [::1]:8000             [::1]:45755            TIME_WAIT       0
  TCP    [::1]:8000             [::1]:45756            TIME_WAIT       0
  TCP    [::1]:8000             [::1]:45757            TIME_WAIT       0
  TCP    [::1]:8000             [::1]:45758            TIME_WAIT       0
  TCP    [::1]:8000             [::1]:45759            TIME_WAIT       0
  TCP    [::1]:8000             [::1]:45762            TIME_WAIT       0
  TCP    [::1]:8000             [::1]:45763            TIME_WAIT       0
  TCP    [::1]:8000             [::1]:45764            TIME_WAIT       0
  TCP    [::1]:8000             [::1]:45765            TIME_WAIT       0
  TCP    [::1]:8000             [::1]:45766            TIME_WAIT       0
  TCP    [::1]:8000             [::1]:45767            TIME_WAIT       0
  TCP    [::1]:8000             [::1]:45768            TIME_WAIT       0
  TCP    [::1]:8000             [::1]:45770            TIME_WAIT       0"
2024-07-04 20:14:59,Toshiba,192.168.100.200,"def is_server_running():
    for proc in psutil.process_iter(['pid', 'cmdline']):
        if 'python' in proc.cmdline() and '-m' in proc.cmdline() and 'http.server' in proc.cmdline() and '8000' in proc.cmdline():
            return True
    return False

def start_http_server():
    if is_server_running():
        print(""HTTP server is already running."")
        return
    
    screenshot_dir = os.path.abspath(""LoggedData/Toshiba/Screenshot"")
    command = [""python"", ""-m"", ""http.server"", ""8000"", ""--directory"", screenshot_dir]

    try:
        subprocess.Popen(command, stdout=subprocess.PIPE, stderr=subprocess.PIPE)
        print(f""HTTP server started. Serving files from {screenshot_dir} on port 8000."")
    except Exception as e:
        print(f""Error starting HTTP server: {e}"")"
2024-07-04 20:16:20,Toshiba,192.168.100.200,taskkill /PID <PID> /F
2024-07-04 20:16:30,Toshiba,192.168.100.200,"netstat -ano | findstr :8000
  TCP    0.0.0.0:8000           0.0.0.0:0              LISTENING       10448
  TCP    0.0.0.0:8000           0.0.0.0:0              LISTENING       3696
  TCP    0.0.0.0:8000           0.0.0.0:0              LISTENING       10352
  TCP    0.0.0.0:8000           0.0.0.0:0              LISTENING       16176
  TCP    [::]:8000              [::]:0                 LISTENING       10448
  TCP    [::]:8000              [::]:0                 LISTENING       3696
  TCP    [::]:8000              [::]:0                 LISTENING       10352
  TCP    [::]:8000              [::]:0                 LISTENING       16176"
2024-07-04 20:17:36,Toshiba,192.168.100.200,"taskkill /F /PID 10448
taskkill /F /PID 3696
taskkill /F /PID 10352
taskkill /F /PID 16176
"
2024-07-04 20:18:16,Toshiba,192.168.100.200,"python server.py
Traceback (most recent call last):
  File ""c:\ProgramData\anaconda3\Lib\site-packages\psutil\_pswindows.py"", line 789, in cmdline
    ret = cext.proc_cmdline(self.pid, use_peb=True)
          ^^^^^^^^^^^^^^^^^^^^^^^^^^^^^^^^^^^^^^^^^
PermissionError: [WinError 5] Access is denied: '(originated from OpenProcess)'

During handling of the above exception, another exception occurred:

Traceback (most recent call last):
  File ""c:\ProgramData\anaconda3\Lib\site-packages\psutil\_pswindows.py"", line 688, in wrapper
    return fun(self, *args, **kwargs)
           ^^^^^^^^^^^^^^^^^^^^^^^^^^
  File ""c:\ProgramData\anaconda3\Lib\site-packages\psutil\_pswindows.py"", line 704, in wrapper
    return fun(self, *args, **kwargs)
           ^^^^^^^^^^^^^^^^^^^^^^^^^^
  File ""c:\ProgramData\anaconda3\Lib\site-packages\psutil\_pswindows.py"", line 792, in cmdline
    ret = cext.proc_cmdline(self.pid, use_peb=False)
          ^^^^^^^^^^^^^^^^^^^^^^^^^^^^^^^^^^^^^^^^^^
PermissionError: [Errno 13] assume access denied (originated from NtQueryInformationProcess(ProcessBasicInformation) -> STATUS_NOT_FOUND)

During handling of the above exception, another exception occurred:

Traceback (most recent call last):
  File ""C:\Users\Toshiba\Desktop\D\Designing\Python\Django\ProximaLinkMonitoringApp\keylogger_project\test\server.py"", line 154, in <module>
    start_http_server()
  File ""C:\Users\Toshiba\Desktop\D\Designing\Python\Django\ProximaLinkMonitoringApp\keylogger_project\test\server.py"", line 110, in start_http_server
    if is_server_running():
       ^^^^^^^^^^^^^^^^^^^
  File ""C:\Users\Toshiba\Desktop\D\Designing\Python\Django\ProximaLinkMonitoringApp\keylogger_project\test\server.py"", line 100, in is_server_running
    ""python"" in proc.cmdline()
                ^^^^^^^^^^^^^^
  File ""c:\ProgramData\anaconda3\Lib\site-packages\psutil\__init__.py"", line 684, in cmdline
    return self._proc.cmdline()
           ^^^^^^^^^^^^^^^^^^^^
  File ""c:\ProgramData\anaconda3\Lib\site-packages\psutil\_pswindows.py"", line 690, in wrapper
    raise convert_oserror(err, pid=self.pid, name=self._name)
psutil.AccessDenied: (pid=76)"
2024-07-04 20:23:23,Toshiba,192.168.100.200,"pip install --upgrade python psutil
"
2024-07-04 20:24:24,Toshiba,192.168.100.200,"pip install --upgrade python psutil
ERROR: Could not find a version that satisfies the requirement python (from versions: none)
ERROR: No matching distribution found for python"
2024-07-04 20:24:43,Toshiba,192.168.100.200,"except psutil.AccessDenied:
    print(""Access denied error - unable to check if server is running."")"
2024-07-04 20:26:51,Toshiba,192.168.100.200,"python server.py
Access denied error - unable to check if server is running.
HTTP server started. Serving files from C:\Users\Toshiba\Desktop\D\Designing\Python\Django\ProximaLinkMonitoringApp\keylogger_project\test\LoggedData\Toshiba\Screenshot on port 8000.
 * Serving Flask app 'server'
 * Debug mode: on"
2024-07-04 20:27:32,Toshiba,192.168.100.200,"import requests
"
2024-07-04 20:27:51,Toshiba,192.168.100.200,"def is_server_running(url):
    try:
        response = requests.get(url)
        return response.status_code == 200
    except requests.exceptions.RequestException:
        return False

# Example usage:
url = 'http://localhost:8000'
if is_server_running(url):
    print('HTTP server is running.')
else:
    print('HTTP server is not running or inaccessible.')"
2024-07-04 20:29:54,Toshiba,192.168.100.200,C:\Users\Toshiba\Desktop\D\Designing\Python\Django\ProximaLinkMonitoringApp\keylogger_project\test\LoggedData\Toshiba\Screenshot
2024-07-04 20:30:53,Toshiba,192.168.100.200,">python -m http.server --directory C:\Users\Toshiba\Desktop\D\Designing\Python\Django\ProximaLinkMonitoringApp\keylogger_project\test\LoggedData\Toshiba\Screenshot
Serving HTTP on :: port 8000 (http://[::]:8000/) ..."
2024-07-04 20:31:50,Toshiba,192.168.100.200,"python -m http.server --directory C:\Users\Toshiba\Desktop\D\Designing\Python\Django\ProximaLinkMonitoringApp\keylogger_project\test\LoggedData\Toshiba\Screenshot
Serving HTTP on :: port 8000 (http://[::]:8000/) ...

Keyboard interrupt received, exiting."
2024-07-04 20:32:41,Toshiba,192.168.100.200,"netstat -aon | findstr :8000
  TCP    [::1]:8000             [::1]:46363            TIME_WAIT       0
  TCP    [::1]:8000             [::1]:46364            TIME_WAIT       0
  TCP    [::1]:8000             [::1]:46365            TIME_WAIT       0
  TCP    [::1]:8000             [::1]:46366            TIME_WAIT       0
  TCP    [::1]:8000             [::1]:46367            TIME_WAIT       0
  TCP    [::1]:8000             [::1]:46368            TIME_WAIT       0
  TCP    [::1]:8000             [::1]:46372            TIME_WAIT       0
  TCP    [::1]:8000             [::1]:46373            TIME_WAIT       0
  TCP    [::1]:8000             [::1]:46374            TIME_WAIT       0
  TCP    [::1]:8000             [::1]:46375            TIME_WAIT       0
  TCP    [::1]:8000             [::1]:46376            TIME_WAIT       0
  TCP    [::1]:8000             [::1]:46377            TIME_WAIT       0
  TCP    [::1]:8000             [::1]:46379            TIME_WAIT       0
  TCP    [::1]:8000             [::1]:46380            TIME_WAIT       0
  TCP    [::1]:8000             [::1]:46381            TIME_WAIT       0
  TCP    [::1]:8000             [::1]:46382            TIME_WAIT       0
  TCP    [::1]:8000             [::1]:46383            TIME_WAIT       0
  TCP    [::1]:8000             [::1]:46384            TIME_WAIT       0
  TCP    [::1]:8000             [::1]:46385            TIME_WAIT       0
  TCP    [::1]:8000             [::1]:46395            TIME_WAIT       0
  TCP    [::1]:8000             [::1]:46396            TIME_WAIT       0
  TCP    [::1]:8000             [::1]:46397            TIME_WAIT       0
  TCP    [::1]:8000             [::1]:46398            TIME_WAIT       0
  TCP    [::1]:8000             [::1]:46399            TIME_WAIT       0
  TCP    [::1]:8000             [::1]:46400            TIME_WAIT       0
  TCP    [::1]:8000             [::1]:46401            TIME_WAIT       0
  TCP    [::1]:8000             [::1]:46402            TIME_WAIT       0
  TCP    [::1]:8000             [::1]:46403            TIME_WAIT       0
  TCP    [::1]:8000             [::1]:46404            TIME_WAIT       0
  TCP    [::1]:8000             [::1]:46405            TIME_WAIT       0
  TCP    [::1]:8000             [::1]:46406            TIME_WAIT       0
  TCP    [::1]:8000             [::1]:46407            TIME_WAIT       0
  TCP    [::1]:8000             [::1]:46408            TIME_WAIT       0
  TCP    [::1]:8000             [::1]:46409            TIME_WAIT       0
  TCP    [::1]:8000             [::1]:46410            TIME_WAIT       0
  TCP    [::1]:8000             [::1]:46411            TIME_WAIT       0
  TCP    [::1]:8000             [::1]:46412            TIME_WAIT       0
  TCP    [::1]:8000             [::1]:46413            TIME_WAIT       0
  TCP    [::1]:8000             [::1]:46419            TIME_WAIT       0
  TCP    [::1]:8000             [::1]:46421            TIME_WAIT       0"
2024-07-04 20:34:25,Toshiba,192.168.100.200,"python -m http.server --directory C:\Users\Toshiba\Desktop\D\Designing\Python\Django\ProximaLinkMonitoringApp\keylogger_project\test\LoggedData\Toshiba\Screenshot
"
2024-07-04 20:44:10,Toshiba,192.168.100.200,"<button type=""button"" class=""btn rounded-pill btn-primary mx-2"" id=""btnKeystrokes"">
                  Keystrokes
                </button>"
2024-07-04 20:50:33,Toshiba,192.168.100.200,.col-md-10
2024-07-04 20:52:51,Toshiba,192.168.100.200,.row
2024-07-04 20:55:57,Toshiba,192.168.100.200,"/* Primary Colors */
:root {
  --primary-blue: #00c7fd;
  --primary-darker-blue: #0071c5;
  --blue: #007bff;
  --indigo: #6610f2;
  --purple: #6f42c1;
  --pink: #e83e8c;
  --red: #dc3545;
  --orange: #fd7e14;
  --yellow: #ffc107;
  --green: #28a745;
  --teal: #20c997;
  --cyan: #17a2b8;
  --white: #fff;
  --primary: #007bff;
  --secondary: #6c757d;
  --success: #28a745;
  --info: #17a2b8;
  --warning: #ffc107;
  --danger: #dc3545;
  --light: #f8f9fa;
  --black: #000;
  --primary-dark: #191c24;
  --gray-dark: #343a40;
  --gray: #6c757d;
}

/* Secondary Colors */
:root {
  --secondary-white: #ffffff;
  --secondary-green: #198754;
  --secondary-light-blue: #0dcaf0;
  --secondary-red: #ab2e3c;
  --secondary-yellow: #ffc107;

}

body {
  font-family: 'Roboto', 'Open Sans', 'Lato', Arial, sans-serif;
  background-color: var(--black);
  color: var(--secondary-white);
}

header {
  background-color: var(--gray-dark);
  color: #fff;
  padding: 15px 0;
  text-align: center;
}

header .logo img {
  max-width: 100%;
  height: auto;
}

.container-fluid {
  display: flex;
  justify-content: space-between;
  align-items: center;
}

.logo {
  max-width: 150px;
  /* Adjust this value based on your preference */
}

/* User section */
.user-item {
  background-color: #00c7fd;
  /* Primary color */
  color: #fff;
  font-weight: 400;
  font-size: small;
  padding: 10px;
  margin-bottom: 5px;
  border-radius: 5px;
  cursor: pointer;
  text-align: center;
}

.user-item:hover {
  background-color: #0071c5;
  /* Darker shade on hover */
}

/* Log entry */
.log-entry {
  background-color: var(--primary-dark);
  word-wrap: break-word;
  padding: 10px;
  margin-bottom: 15px;
  border: 1px solid #ccc;
  border-radius: 5px;
}


aside {
  background-color: var(--gray-dark);

  color: #fff;
  padding-left: 0;
  /* Remove left padding */
  padding-right: 0;
}


.timestamp {
  font-size: 0.9em;
  color: #999;
  text-align: left;
}

/* Tags */
.tags-container {
  margin-top: 10px;
}

.tag {
  cursor: pointer;
  padding: 5px 10px;
  background-color: #007bff;
  /* Primary color */
  color: #fff;
  border-radius: 8px;
  margin-right: 10px;
}

.tag:hover {
  background-color: #0056b3;
  /* Darker shade on hover */
}

/* Users section */
.user-section {
  margin-bottom: 20px;
  padding: 10px;
  border: 1px solid #ccc;
  border-radius: 5px;
}

.col-md-10 {
  padding: 30px;
}

.col {
  padding: 0;
}

/* Main content */
.main-content {
  padding: 20px, 0;
}

.user-section h2 {
  color: #0071c5;
  /* Primary color */
  font-weight: 600;
  border-bottom: 2px solid #ccc;
  padding-bottom: 10px;
}

.row {
  margin: 0;
}

.row div div p.timestamp {
  color: var(--light);
}


.btn {
  padding-right: 15px;
}

footer {
  background-color: #191c24;
  position: fixed;
  left: 0;
  bottom: 0;
  width: 100%;
  color: white;
  text-align: center;
}

footer p {
  margin-top: 15px
}
"
2024-07-04 20:56:14,Toshiba,192.168.100.200,"<!DOCTYPE html>
<html lang=""en"">
  <head>
    <meta charset=""UTF-8"" />
    <meta name=""viewport"" content=""width=device-width, initial-scale=1.0"" />
    <title>ProximaLink Dashboard</title>
    <link
      href=""https://fonts.googleapis.com/css2?family=Roboto:wght@400;700&display=swap""
      rel=""stylesheet""
    />
    <link
      href=""https://fonts.googleapis.com/css2?family=Open+Sans:wght@400;700&display=swap""
      rel=""stylesheet""
    />
    <link
      href=""https://fonts.googleapis.com/css2?family=Lato:wght@400;700&display=swap""
      rel=""stylesheet""
    />
    <link
      rel=""stylesheet""
      href=""https://stackpath.bootstrapcdn.com/bootstrap/4.5.2/css/bootstrap.min.css""
    />
    <link
      rel=""stylesheet""
      href=""{{ url_for('static', filename='styles.css') }}""
    />
  </head>
  <body>
    <header class=""flex-fill align-self-center"">
      <div class=""container-fluid flex-fill align-items-center"">
        <div class=""flex-grow-1 logo"">
          <img
            src=""/static/icons/PureWhite.png""
            class=""img-fluid""
            alt=""logo-white""
          />
        </div>
        <div class=""header-content flex-fill"">
          <h1>ProximaLink Dashboard</h1>
          <p>Welcome to the monitoring dashboard.</p>
        </div>
        <div></div>
      </div>
    </header>

    <div class=""container-fluid"">
      <div class=""row"">
        <aside class=""col-md-2 py-3"">
          <h2>Users</h2>
          <ul class=""list-unstyled"">
            {% if unique_users %} {% for user in unique_users %}
            <li class=""user-item"">{{ user }}</li>
            {% endfor %} {% else %}
            <p>No users found yet.</p>
            {% endif %}
          </ul>
        </aside>

        <main class=""col-md-10"">
          <div class=""d-flex justify-content-between align-self-center"">
            <div class=""col-btn"">
              <!-- Buttons Section -->
              <div
                class=""btn-group d-flex align-items-start""
                role=""group""
                aria-label=""Toggle Buttons""
              >
                <button
                  type=""button""
                  class=""btn rounded-pill btn-primary mx-2""
                  id=""btnKeystrokes""
                >
                  Keystrokes
                </button>
                <button
                  type=""button""
                  class=""btn rounded-pill btn-primary mx-2""
                  id=""btnScreenshots""
                >
                  Screenshots
                </button>
                <button
                  type=""button""
                  class=""btn rounded-pill btn-primary mx-2""
                  id=""btnVideos""
                >
                  Videos
                </button>
              </div>
            </div>
          </div>

          <!-- Vertical Separator -->
          <div class=""col-1 separator"">
            <hr class=""my-3"" />
          </div>

          <!-- Content Sections -->
          <div id=""keystrokesContent"">
            <!-- Initial content for Keystrokes -->
            <div class=""row"">
              <div class=""col"">
                {% if all_logs %} {% for log in all_logs %}
                <div class=""log-entry border rounded mb-3"">
                  <p>{{ log.text }}</p>
                  <p class=""timestamp text-left"">{{ log.timestamp }}</p>
                </div>
                {% endfor %} {% else %}
                <!-- Display a message if no logs are found -->
                <div class=""alert alert-info text-center"" role=""alert"">
                  No logs found yet. Monitor activity for data to appear.
                </div>
                {% endif %}
              </div>
            </div>
          </div>

          <div id=""screenshotsContent"" style=""display: none"">
            <!-- Placeholder for Screenshots content loaded via AJAX -->
          </div>
        </main>
      </div>
    </div>

    <footer style=""margin-top: 15px"">
      <p>ProximaLink Monitoring &copy; 2024</p>
    </footer>

    <!-- JavaScript Libraries -->
    <script src=""https://code.jquery.com/jquery-3.6.0.min.js""></script>
    <script src=""https://cdn.jsdelivr.net/npm/@popperjs/core@2.5.3/dist/umd/popper.min.js""></script>
    <script src=""https://stackpath.bootstrapcdn.com/bootstrap/4.5.2/js/bootstrap.min.js""></script>

    <!-- Custom JavaScript for Toggling Content -->
    <script>
      $(document).ready(function () {
        // Handle click on Keystrokes button
        $(""#btnKeystrokes"").click(function () {
          $(""#keystrokesContent"").show(); // Show Keystrokes content
          $(""#screenshotsContent"").hide(); // Hide Screenshots content
        });

        // Handle click on Screenshots button
        $(""#btnScreenshots"").click(function () {
          // Load content from screenshots.html using AJAX
          $.ajax({
            url: ""screenshots.html"",
            type: ""GET"",
            success: function (data) {
              $(""#screenshotsContent"").html(data); // Load HTML content into screenshotsContent div
              $(""#screenshotsContent"").show(); // Show Screenshots content
              $(""#keystrokesContent"").hide(); // Hide Keystrokes content
            },
            error: function (xhr, status, error) {
              console.error(""Error loading screenshots:"", error);
              // Handle error loading screenshots.html
            },
          });
        });

        // Handle click on Videos button (if needed)
        $(""#btnVideos"").click(function () {
          // Handle click on Videos button if required
        });
      });
    </script>
  </body>
</html>
"
2024-07-04 20:58:36,Toshiba,192.168.100.200,"/* Primary Colors */
:root {
  --primary-blue: #00c7fd;
  --primary-darker-blue: #0071c5;
  --blue: #007bff;
  --indigo: #6610f2;
  --purple: #6f42c1;
  --pink: #e83e8c;
  --red: #dc3545;
  --orange: #fd7e14;
  --yellow: #ffc107;
  --green: #28a745;
  --teal: #20c997;
  --cyan: #17a2b8;
  --white: #fff;
  --primary: #007bff;
  --secondary: #6c757d;
  --success: #28a745;
  --info: #17a2b8;
  --warning: #ffc107;
  --danger: #dc3545;
  --light: #f8f9fa;
  --black: #000;
  --primary-dark: #191c24;
  --gray-dark: #343a40;
  --gray: #6c757d;
}

/* Secondary Colors */
:root {
  --secondary-white: #ffffff;
  --secondary-green: #198754;
  --secondary-light-blue: #0dcaf0;
  --secondary-red: #ab2e3c;
  --secondary-yellow: #ffc107;
}

body {
  font-family: 'Roboto', 'Open Sans', 'Lato', Arial, sans-serif;
  background-color: var(--black);
  color: var(--secondary-white);
  overflow-x: hidden; /* Prevent horizontal overflow */
}

header {
  background-color: var(--gray-dark);
  color: #fff;
  padding: 15px 0;
  text-align: center;
  width: 100%;
}

header .logo img {
  max-width: 100%;
  height: auto;
}

.container-fluid {
  display: flex;
  justify-content: space-between;
  align-items: center;
}

.logo {
  max-width: 150px;
  /* Adjust this value based on your preference */
}

/* User section */
.user-item {
  background-color: #00c7fd;
  /* Primary color */
  color: #fff;
  font-weight: 400;
  font-size: small;
  padding: 10px;
  margin-bottom: 5px;
  border-radius: 5px;
  cursor: pointer;
  text-align: center;
}

.user-item:hover {
  background-color: #0071c5;
  /* Darker shade on hover */
}

/* Log entry */
.log-entry {
  background-color: var(--primary-dark);
  word-wrap: break-word;
  padding: 10px;
  margin-bottom: 15px;
  border: 1px solid #ccc;
  border-radius: 5px;
}

aside {
  background-color: var(--gray-dark);
  color: #fff;
  padding-left: 0;
  /* Remove left padding */
  padding-right: 0;
}

.timestamp {
  font-size: 0.9em;
  color: #999;
  text-align: left;
}

/* Tags */
.tags-container {
  margin-top: 10px;
}

.tag {
  cursor: pointer;
  padding: 5px 10px;
  background-color: #007bff;
  /* Primary color */
  color: #fff;
  border-radius: 8px;
  margin-right: 10px;
}

.tag:hover {
  background-color: #0056b3;
  /* Darker shade on hover */
}

/* Users section */
.user-section {
  margin-bottom: 20px;
  padding: 10px;
  border: 1px solid #ccc;
  border-radius: 5px;
}

.col-md-10 {
  padding: 30px;
}

.col {
  padding: 0;
}

/* Main content */
.main-content {
  padding: 20px 0; /* Fix comma here */
}

.user-section h2 {
  color: #0071c5;
  /* Primary color */
  font-weight: 600;
  border-bottom: 2px solid #ccc;
  padding-bottom: 10px;
}

.row {
  margin: 0;
}

.row div div p.timestamp {
  color: var(--light);
}

.btn {
  padding-right: 15px;
}

footer {
  background-color: #191c24;
  position: fixed;
  left: 0;
  bottom: 0;
  width: 100%;
  color: white;
  text-align: center;
}

footer p {
  margin-top: 15px;
}
"
2024-07-04 21:14:28,Toshiba,192.168.100.200,btn-outline-primary
2024-07-04 21:15:31,Toshiba,192.168.100.200,btn-block
2024-07-04 21:18:43,Toshiba,192.168.100.200,"<div id=""screenshotsContent"" style=""display: none"">
            <!-- Placeholder for Screenshots content loaded via AJAX -->
          </div>"
2024-07-04 21:20:07,Toshiba,192.168.100.200,"<!DOCTYPE html>
<html lang=""en"">
  <head>
    <meta charset=""UTF-8"" />
    <meta name=""viewport"" content=""width=device-width, initial-scale=1.0"" />
    <title>Screenshots</title>
    <link
      rel=""stylesheet""
      href=""https://stackpath.bootstrapcdn.com/bootstrap/4.5.2/css/bootstrap.min.css""
    />
    <link
      rel=""stylesheet""
      href=""{{ url_for('static', filename='styles.css') }}""
    />
    <style>
      .thumbnail {
        max-width: 100px;
        max-height: 100px;
        margin: 5px;
        cursor: pointer;
      }
      .overlay {
        display: none;
        position: fixed;
        top: 0;
        left: 0;
        width: 100%;
        height: 100%;
        background-color: rgba(0, 0, 0, 0.8);
        z-index: 1000;
      }
      .overlay img {
        max-width: 90%;
        max-height: 90%;
        margin: 50px auto;
        display: block;
      }
      .close-btn {
        position: absolute;
        top: 20px;
        right: 20px;
        font-size: 30px;
        color: #fff;
        cursor: pointer;
      }
      .navigation-btn {
        position: absolute;
        top: 50%;
        transform: translateY(-50%);
        font-size: 30px;
        color: #fff;
        cursor: pointer;
        z-index: 1001;
      }
      .prev-btn {
        left: 20px;
      }
      .next-btn {
        right: 20px;
      }
    </style>
  </head>
  <body>
    <div class=""container mt-4"">
      <div class=""row"">
        <div class=""col-md-12"">
          <div class=""row"">
            {% for screenshot in screenshots %}
            <div class=""col-md-4 col-sm-6 col-xs-12"">
              <img
                src=""{{ url_for('static', filename=screenshot) }}""
                class=""thumbnail""
                alt=""screenshot""
                data-index=""{{ loop.index }}""
              />
            </div>
            {% endfor %}
          </div>
        </div>
      </div>
    </div>

    <div class=""overlay"" id=""overlay"">
      <span class=""close-btn"" id=""closeOverlay"">&times;</span>
      <span class=""navigation-btn prev-btn"" id=""prevImage"">&#10094;</span>
      <span class=""navigation-btn next-btn"" id=""nextImage"">&#10095;</span>
      <img src="""" alt=""screenshot"" id=""overlayImage"" />
    </div>

    <script>
      document.addEventListener(""DOMContentLoaded"", function () {
        const thumbnails = document.querySelectorAll("".thumbnail"");
        const overlay = document.getElementById(""overlay"");
        const overlayImage = document.getElementById(""overlayImage"");
        const closeOverlay = document.getElementById(""closeOverlay"");
        const prevImage = document.getElementById(""prevImage"");
        const nextImage = document.getElementById(""nextImage"");

        let currentIndex = 0;

        thumbnails.forEach((thumbnail, index) => {
          thumbnail.addEventListener(""click"", () => {
            currentIndex = index;
            overlayImage.src = thumbnail.src;
            overlay.style.display = ""block"";
          });
        });

        closeOverlay.addEventListener(""click"", () => {
          overlay.style.display = ""none"";
        });

        prevImage.addEventListener(""click"", () => {
          currentIndex =
            (currentIndex - 1 + thumbnails.length) % thumbnails.length;
          overlayImage.src = thumbnails[currentIndex].src;
        });

        nextImage.addEventListener(""click"", () => {
          currentIndex = (currentIndex + 1) % thumbnails.length;
          overlayImage.src = thumbnails[currentIndex].src;
        });
      });
    </script>
  </body>
</html>
"
2024-07-04 21:20:53,Toshiba,192.168.100.200,"<!DOCTYPE html>
<html lang=""en"">
<head>
  <meta charset=""UTF-8"">
  <meta name=""viewport"" content=""width=device-width, initial-scale=1.0"">
  <title>Screenshots</title>
  <link rel=""stylesheet"" href=""https://stackpath.bootstrapcdn.com/bootstrap/4.5.2/css/bootstrap.min.css"">
  <link rel=""stylesheet"" href=""{{ url_for('static', filename='screenshot.css') }}"">
</head>
<body>
  <header>
    <h1>ProximaLink Dashboard</h1>
    <p>Welcome to the monitoring dashboard.</p>
  </header>
  <h1>Screenshots</h1>
  <div class=""container"">
    <div class=""row"">
      {% for screenshot in screenshots %}
      <div class=""col-md-4 col-sm-6"">
        <img
          src=""http://localhost:8000/{{ screenshot.filename }}""
          alt=""Screenshot""
          class=""img-thumbnail""
          data-image=""http://localhost:8000/{{ screenshot.filename }}""
          data-toggle=""modal""
          data-target=""#overlayModal""
          data-caption=""Username: {{ screenshot.username }}""
        />
      </div>
      {% endfor %}
    </div>
  </div>

  <!-- Modal for overlay view -->
  <div class=""modal fade"" id=""overlayModal"" tabindex=""-1"" role=""dialog"" aria-labelledby=""overlayModalLabel"" aria-hidden=""true"">
    <div class=""modal-dialog modal-dialog-centered modal-lg"" role=""document"">
      <div class=""modal-content"">
        <button class=""nav-btn nav-btn-left"" id=""prevImage"">&lt;</button>
        <button class=""nav-btn nav-btn-right"" id=""nextImage"">&gt;</button>
        <div class=""modal-body"">
          <img src="""" class=""img-fluid"" id=""overlayImage"" />
          <p id=""imageCaption""></p>
        </div>
        <div class=""modal-footer"">
          <button type=""button"" class=""btn btn-secondary"" data-dismiss=""modal"">Close</button>
        </div>
      </div>
    </div>
  </div>
  
  <footer>
    <p>ProximaLink Monitoring &copy; 2024</p>
  </footer>

  <script src=""https://code.jquery.com/jquery-3.5.1.slim.min.js""></script>
  <script src=""https://cdn.jsdelivr.net/npm/@popperjs/core@2.5.3/dist/umd/popper.min.js""></script>
  <script src=""https://stackpath.bootstrapcdn.com/bootstrap/4.5.2/js/bootstrap.min.js""></script>
  <script src=""{{ url_for('static', filename='screenshot.js') }}""></script>

  <!-- Custom JavaScript for Toggle Button Integration -->
  <script>
    $(document).ready(function() {
      // Function to close the overlay modal
      function closeModal() {
        $('#overlayModal').modal('hide');
      }

      // Listen for click on Keystrokes button (if needed)
      $('#btnKeystrokes').click(function() {
        // Implement behavior for Keystrokes button click (if needed)
      });

      // Listen for click on Screenshots button (if needed)
      $('#btnScreenshots').click(function() {
        // Load content from screenshots.html using AJAX
        $.ajax({
          url: 'screenshots.html',
          type: 'GET',
          success: function(data) {
            $('#screenshotsContent').html(data);  // Load HTML content into screenshotsContent div
            $('#screenshotsContent').show();      // Show Screenshots content
            $('#keystrokesContent').hide();       // Hide Keystrokes content
          },
          error: function(xhr, status, error) {
            console.error('Error loading screenshots:', error);
            // Handle error loading screenshots.html
          }
        });
      });

      // Listen for click on Videos button (if needed)
      $('#btnVideos').click(function() {
        // Implement behavior for Videos button click (if needed)
      });
    });
  </script>
</body>
</html>
"
2024-07-04 21:23:54,Toshiba,192.168.100.200,"<!DOCTYPE html>
<html lang=""en"">
  <head>
    <meta charset=""UTF-8"" />
    <meta name=""viewport"" content=""width=device-width, initial-scale=1.0"" />
    <title>ProximaLink Dashboard</title>
    <link
      href=""https://fonts.googleapis.com/css2?family=Roboto:wght@400;700&display=swap""
      rel=""stylesheet""
    />
    <link
      href=""https://fonts.googleapis.com/css2?family=Open+Sans:wght@400;700&display=swap""
      rel=""stylesheet""
    />
    <link
      href=""https://fonts.googleapis.com/css2?family=Lato:wght@400;700&display=swap""
      rel=""stylesheet""
    />
    <link
      rel=""stylesheet""
      href=""https://stackpath.bootstrapcdn.com/bootstrap/4.5.2/css/bootstrap.min.css""
    />
    <link
      rel=""stylesheet""
      href=""{{ url_for('static', filename='styles.css') }}""
    />
    <link
      rel=""stylesheet""
      href=""{{ url_for('static', filename='screenshot.css') }}""
    />
  </head>
  <body>
    <header class=""flex-fill align-self-center"">
      <div class=""container-fluid flex-fill align-items-center"">
        <div class=""flex-grow-1 logo"">
          <img
            src=""/static/icons/PureWhite.png""
            class=""img-fluid""
            alt=""logo-white""
          />
        </div>
        <div class=""header-content flex-fill"">
          <h1>ProximaLink Dashboard</h1>
          <p>Welcome to the monitoring dashboard.</p>
        </div>
        <div></div>
      </div>
    </header>

    <div class=""container-fluid"">
      <div class=""row"">
        <aside class=""col-md-2 py-3"">
          <h2>Users</h2>
          <ul class=""list-unstyled"">
            {% if unique_users %} {% for user in unique_users %}
            <li class=""user-item"">{{ user }}</li>
            {% endfor %} {% else %}
            <p>No users found yet.</p>
            {% endif %}
          </ul>
        </aside>

        <main class=""col-md-10"">
          <div class=""d-flex justify-content-between align-self-center"">
            <div class=""col-btn"">
              <!-- Buttons Section -->
              <div
                class=""btn-group d-flex align-items-start""
                role=""group""
                aria-label=""Toggle Buttons""
              >
                <button
                  type=""button""
                  class=""btn rounded-pill btn-primary mx-2""
                  id=""btnKeystrokes""
                >
                  Keystrokes
                </button>
                <button
                  type=""button""
                  class=""btn rounded-pill btn-primary mx-2""
                  id=""btnScreenshots""
                >
                  Screenshots
                </button>
                <button
                  type=""button""
                  class=""btn rounded-pill btn-primary mx-2""
                  id=""btnVideos""
                >
                  Videos
                </button>
              </div>
            </div>
          </div>

          <!-- Vertical Separator -->
          <div class=""col-1 separator"">
            <hr class=""my-3"" />
          </div>

          <!-- Content Sections -->
          <div id=""keystrokesContent"">
            <!-- Initial content for Keystrokes -->
            <div class=""row"">
              <div class=""col"">
                {% if all_logs %} {% for log in all_logs %}
                <div class=""log-entry border rounded mb-3"">
                  <p>{{ log.text }}</p>
                  <p class=""timestamp text-left"">{{ log.timestamp }}</p>
                </div>
                {% endfor %} {% else %}
                <!-- Display a message if no logs are found -->
                <div class=""alert alert-info text-center"" role=""alert"">
                  No logs found yet. Monitor activity for data to appear.
                </div>
                {% endif %}
              </div>
            </div>
          </div>

          <div id=""screenshotsContent"" style=""display: none"">
            <!-- Placeholder for Screenshots content loaded via AJAX -->
          </div>
        </main>
      </div>
    </div>

    <footer style=""margin-top: 15px"">
      <p>ProximaLink Monitoring &copy; 2024</p>
    </footer>

    <!-- JavaScript Libraries -->
    <script src=""https://code.jquery.com/jquery-3.6.0.min.js""></script>
    <script src=""https://cdn.jsdelivr.net/npm/@popperjs/core@2.5.3/dist/umd/popper.min.js""></script>
    <script src=""https://stackpath.bootstrapcdn.com/bootstrap/4.5.2/js/bootstrap.min.js""></script>
    <script src=""{{ url_for('static', filename='screenshot.js') }}""></script>

    <!-- Custom JavaScript for Toggling Content -->
    <script>
      $(document).ready(function () {
        // Handle click on Keystrokes button
        $(""#btnKeystrokes"").click(function () {
          $(""#keystrokesContent"").show(); // Show Keystrokes content
          $(""#screenshotsContent"").hide(); // Hide Screenshots content
        });

        // Handle click on Screenshots button
        $(""#btnScreenshots"").click(function () {
          // Load content from screenshots.html using AJAX
          $.ajax({
            url: ""{{ url_for('static', filename='screenshots.html') }}"",
            type: ""GET"",
            success: function (data) {
              $(""#screenshotsContent"").html(data); // Load HTML content into screenshotsContent div
              $(""#screenshotsContent"").show(); // Show Screenshots content
              $(""#keystrokesContent"").hide(); // Hide Keystrokes content
            },
            error: function (xhr, status, error) {
              console.error(""Error loading screenshots:"", error);
              // Handle error loading screenshots.html
            },
          });
        });

        // Handle click on Videos button (if needed)
        $(""#btnVideos"").click(function () {
          // Handle click on Videos button if required
        });
      });
    </script>
  </body>
</html>
"
2024-07-04 21:26:04,Toshiba,192.168.100.200,"<a href=""#"""
2024-07-04 21:27:05,Toshiba,192.168.100.200,"role=""button"" aria-pressed=""true"""
2024-07-04 21:27:18,Toshiba,192.168.100.200,</a>
2024-07-04 21:28:51,Toshiba,192.168.100.200,"<!DOCTYPE html>
<html lang=""en"">
  <head>
    <meta charset=""UTF-8"" />
    <meta name=""viewport"" content=""width=device-width, initial-scale=1.0"" />
    <title>ProximaLink Dashboard</title>
    <link
      href=""https://fonts.googleapis.com/css2?family=Roboto:wght@400;700&display=swap""
      rel=""stylesheet""
    />
    <link
      href=""https://fonts.googleapis.com/css2?family=Open+Sans:wght@400;700&display=swap""
      rel=""stylesheet""
    />
    <link
      href=""https://fonts.googleapis.com/css2?family=Lato:wght@400;700&display=swap""
      rel=""stylesheet""
    />
    <link
      rel=""stylesheet""
      href=""https://stackpath.bootstrapcdn.com/bootstrap/4.5.2/css/bootstrap.min.css""
    />
    <link
      rel=""stylesheet""
      href=""{{ url_for('static', filename='styles.css') }}""
    />
  </head>
  <body>
    <header class=""flex-fill align-self-center"">
      <div class=""container-fluid flex-fill align-items-center"">
        <div class=""flex-grow-1 logo"">
          <img
            src=""/static/icons/PureWhite.png""
            class=""img-fluid""
            alt=""logo-white""
          />
        </div>
        <div class=""header-content flex-fill"">
          <h1>ProximaLink Dashboard</h1>
          <p>Welcome to the monitoring dashboard.</p>
        </div>
      </div>
    </header>

    <div class=""container-fluid"">
      <div class=""row"">
        <aside class=""col-md-2 py-3"">
          <h2>Users</h2>
          <ul class=""list-unstyled"">
            {% if unique_users %} {% for user in unique_users %}
            <li class=""user-item"">{{ user }}</li>
            {% endfor %} {% else %}
            <p>No users found yet.</p>
            {% endif %}
          </ul>
        </aside>

        <main class=""col-md-10"">
          <div class=""d-flex justify-content-between align-self-center"">
            <div class=""col-btn"">
              <!-- Buttons Section -->
              <div
                class=""btn-group d-flex align-items-start""
                role=""group""
                aria-label=""Toggle Buttons""
              >
                <button
                  type=""button""
                  class=""btn rounded-pill btn-primary active mx-2""
                  id=""btnKeystrokes""
                >
                  Keystrokes
                </button>
                <a
                  href=""screenshot.html""
                  class=""btn rounded-pill btn-outline-primary mx-2""
                  id=""btnScreenshots""
                  role=""button""
                  aria-pressed=""true""
                >
                  Screenshots
                </a>

                <button
                  type=""button""
                  class=""btn rounded-pill btn-outline-primary mx-2""
                  id=""btnVideos""
                >
                  Videos
                </button>
              </div>
            </div>
          </div>

          <!-- Vertical Separator -->
          <div class=""col-1 separator"">
            <hr class=""my-3"" />
          </div>

          <!-- Content Sections -->
          <div id=""keystrokesContent"">
            <!-- Initial content for Keystrokes -->
            <div class=""row"">
              <div class=""col"">
                {% if all_logs %} {% for log in all_logs %}
                <div class=""log-entry border rounded mb-3"">
                  <p>{{ log.text }}</p>
                  <p class=""timestamp text-left"">{{ log.timestamp }}</p>
                </div>
                {% endfor %} {% else %}
                <!-- Display a message if no logs are found -->
                <div class=""alert alert-info text-center"" role=""alert"">
                  No logs found yet. Monitor activity for data to appear.
                </div>
                {% endif %}
              </div>
            </div>
          </div>

          <div id=""screenshotsContent"" style=""display: none"">
            <!-- Placeholder for Screenshots content loaded via AJAX -->
          </div>
        </main>
      </div>
    </div>

    <footer style=""margin-top: 15px"">
      <p>ProximaLink Monitoring &copy; 2024</p>
    </footer>

    <!-- JavaScript Libraries -->
    <script src=""https://code.jquery.com/jquery-3.6.0.min.js""></script>
    <script src=""https://cdn.jsdelivr.net/npm/@popperjs/core@2.5.3/dist/umd/popper.min.js""></script>
    <script src=""https://stackpath.bootstrapcdn.com/bootstrap/4.5.2/js/bootstrap.min.js""></script>

    <!-- Custom JavaScript for Toggling Content -->
    <script>
      $(document).ready(function () {
        // Handle click on Keystrokes button
        $(""#btnKeystrokes"").click(function () {
          $(""#keystrokesContent"").show(); // Show Keystrokes content
          $(""#screenshotsContent"").hide(); // Hide Screenshots content
        });

        // Handle click on Screenshots button
        $(""#btnScreenshots"").click(function () {
          // Load content from screenshots.html using AJAX
          $.ajax({
            url: ""screenshots.html"",
            type: ""GET"",
            success: function (data) {
              $(""#screenshotsContent"").html(data); // Load HTML content into screenshotsContent div
              $(""#screenshotsContent"").show(); // Show Screenshots content
              $(""#keystrokesContent"").hide(); // Hide Keystrokes content
            },
            error: function (xhr, status, error) {
              console.error(""Error loading screenshots:"", error);
              // Handle error loading screenshots.html
            },
          });
        });

        // Handle click on Videos button (if needed)
        $(""#btnVideos"").click(function () {
          // Handle click on Videos button if required
        });
      });
    </script>
  </body>
</html>
"
2024-07-04 21:29:30,Toshiba,192.168.100.200,"<div class=""container"">
      <div class=""row"">
        {% for screenshot in screenshots %}
        <div class=""col-md-4 col-sm-6"">
          <img
            src=""http://localhost:8000/{{ screenshot.filename }}""
            alt=""Screenshot""
            class=""img-thumbnail""
            data-image=""http://localhost:8000/{{ screenshot.filename }}""
            data-toggle=""modal""
            data-target=""#overlayModal""
            data-caption=""Username: {{ screenshot.username }}""
          />
        </div>
        {% endfor %}
      </div>
    </div>

    <!-- Modal for overlay view -->
    <div
      class=""modal fade""
      id=""overlayModal""
      tabindex=""-1""
      role=""dialog""
      aria-labelledby=""overlayModalLabel""
      aria-hidden=""true""
    >
      <div class=""modal-dialog modal-dialog-centered modal-lg"" role=""document"">
        <div class=""modal-content"">
          <button class=""nav-btn nav-btn-left"" id=""prevImage"">&lt;</button>
          <button class=""nav-btn nav-btn-right"" id=""nextImage"">&gt;</button>
          <div class=""modal-body"">
            <img src="""" class=""img-fluid"" id=""overlayImage"" />
            <p id=""imageCaption""></p>
          </div>
          <div class=""modal-footer"">
            <button
              type=""button""
              class=""btn btn-secondary""
              data-dismiss=""modal""
            >
              Close
            </button>
          </div>
        </div>
      </div>
    </div>"
2024-07-04 21:34:23,Toshiba,192.168.100.200,"""html.suggest.html5"""
2024-07-04 21:39:01,Toshiba,192.168.100.200,"<!DOCTYPE html>
<html lang=""en"">
  <head>
    <meta charset=""UTF-8"" />
    <meta name=""viewport"" content=""width=device-width, initial-scale=1.0"" />
    <title>ProximaLink Dashboard</title>
    <link
      href=""https://fonts.googleapis.com/css2?family=Roboto:wght@400;700&display=swap""
      rel=""stylesheet""
    />
    <link
      href=""https://fonts.googleapis.com/css2?family=Open+Sans:wght@400;700&display=swap""
      rel=""stylesheet""
    />
    <link
      href=""https://fonts.googleapis.com/css2?family=Lato:wght@400;700&display=swap""
      rel=""stylesheet""
    />
    <link
      rel=""stylesheet""
      href=""https://stackpath.bootstrapcdn.com/bootstrap/4.5.2/css/bootstrap.min.css""
    />
    <link
      rel=""stylesheet""
      href=""{{ url_for('static', filename='styles.css') }}""
    />
  </head>
  <body>
    <header class=""flex-fill align-self-center"">
      <div class=""container-fluid flex-fill align-items-center"">
        <div class=""flex-grow-1 logo"">
          <img
            src=""/static/icons/PureWhite.png""
            class=""img-fluid""
            alt=""logo-white""
          />
        </div>
        <div class=""header-content flex-fill"">
          <h1>ProximaLink Dashboard</h1>
          <p>Welcome to the monitoring dashboard.</p>
        </div>
      </div>
    </header>

    <div class=""container-fluid"">
      <div class=""row"">
        <aside class=""col-md-2 py-3"">
          <h2>Users</h2>
          <ul class=""list-unstyled"">
            {% if unique_users %} {% for user in unique_users %}
            <li class=""user-item"">{{ user }}</li>
            {% endfor %} {% else %}
            <p>No users found yet.</p>
            {% endif %}
          </ul>
        </aside>

        <main class=""col-md-10"">
          <div class=""d-flex justify-content-between align-self-center"">
            <div class=""col-btn"">
              <!-- Buttons Section -->
              <div
                class=""btn-group d-flex align-items-start""
                role=""group""
                aria-label=""Toggle Buttons""
              >
                <button
                  type=""button""
                  class=""btn rounded-pill btn-primary active mx-2""
                  id=""btnKeystrokes""
                >
                  Keystrokes
                </button>
                <a
                  href=""screenshot.html""
                  class=""btn rounded-pill btn-outline-primary mx-2""
                  id=""btnScreenshots""
                  role=""button""
                  aria-pressed=""true""
                >
                  Screenshots
                </a>

                <button
                  type=""button""
                  class=""btn rounded-pill btn-outline-primary mx-2""
                  id=""btnVideos""
                >
                  Videos
                </button>
              </div>
            </div>
          </div>

          <!-- Vertical Separator -->
          <div class=""col-1 separator"">
            <hr class=""my-3"" />
          </div>

          <div class=""container"">
            <div class=""row"">
              {% for screenshot in screenshots %}
              <div class=""col-md-4 col-sm-6"">
                <img
                  src=""http://localhost:8000/{{ screenshot.filename }}""
                  alt=""Screenshot""
                  class=""img-thumbnail""
                  data-image=""http://localhost:8000/{{ screenshot.filename }}""
                  data-toggle=""modal""
                  data-target=""#overlayModal""
                  data-caption=""Username: {{ screenshot.username }}""
                />
              </div>
              {% endfor %}
            </div>
          </div>

    <!-- Modal for overlay view -->
    <div
      class=""modal fade""
      id=""overlayModal""
      tabindex=""-1""
      role=""dialog""
      aria-labelledby=""overlayModalLabel""
      aria-hidden=""true""
    >
      <div class=""modal-dialog modal-dialog-centered modal-lg"" role=""document"">
        <div class=""modal-content"">
          <button class=""nav-btn nav-btn-left"" id=""prevImage"">&lt;</button>
          <button class=""nav-btn nav-btn-right"" id=""nextImage"">&gt;</button>
          <div class=""modal-body"">
            <img src="""" class=""img-fluid"" id=""overlayImage"" />
            <p id=""imageCaption""></p>
          </div>
          <div class=""modal-footer"">
            <button
              type=""button""
              class=""btn btn-secondary""
              data-dismiss=""modal""
            >
              Close
            </button>
          </div>
        </div>
      </div>
    </div>

    <footer style=""margin-top: 15px"">
      <p>ProximaLink Monitoring &copy; 2024</p>
    </footer>

    <!-- JavaScript Libraries -->
    <script src=""https://code.jquery.com/jquery-3.6.0.min.js""></script>
    <script src=""https://cdn.jsdelivr.net/npm/@popperjs/core@2.5.3/dist/umd/popper.min.js""></script>
    <script src=""https://stackpath.bootstrapcdn.com/bootstrap/4.5.2/js/bootstrap.min.js""></script>
  </body>
</html>
"
2024-07-04 21:39:31,Toshiba,192.168.100.200,No users found yet.
2024-07-04 21:40:00,Toshiba,192.168.100.200,"   screenshots = get_screenshot_logs()
    return render_template(""screenshot.html"", screenshots=screenshots)"
2024-07-04 21:40:16,Toshiba,192.168.100.200,"return render_template(""testing.html"""
2024-07-04 21:40:19,Toshiba,192.168.100.200,"return render_template(""screenshot.html"""
2024-07-04 21:40:26,Toshiba,192.168.100.200,"return render_template(""testing.html"""
2024-07-04 21:40:39,Toshiba,192.168.100.200,"unique_users = get_unique_users()
    user_logs = get_user_logs()
    clipboard_logs = get_clipboard_logs()
    all_logs = user_logs + clipboard_logs
    all_logs = sorted(
        all_logs, key=lambda k: k[""timestamp""], reverse=True
    )  # Sort logs by timestamp"
2024-07-04 21:43:12,Toshiba,192.168.100.200,"data-toggle=""button"" aria-pressed=""false"""
2024-07-04 21:43:27,Toshiba,192.168.100.200,"data-toggle=""button"" 
                  aria-pressed=""false"""
2024-07-04 21:46:05,Toshiba,192.168.100.200,"unique_users=unique_users, all_logs=all_logs"
2024-07-04 21:54:22,Toshiba,192.168.100.200,"<div class=""screenshots-container"">
  {% for screenshot in screenshots %}
  <div class=""screenshot-item"">
    <img
      src=""http://localhost:8000/{{ screenshot.filename }}""
      alt=""Screenshot""
      class=""screenshot-thumbnail""
      data-image=""http://localhost:8000/{{ screenshot.filename }}""
      data-toggle=""modal""
      data-target=""#overlayModal""
      data-caption=""Username: {{ screenshot.username }}""
    />
  </div>
  {% endfor %}
</div>

<!-- Modal for overlay view -->
<div class=""modal fade"" id=""overlayModal"" tabindex=""-1"" role=""dialog"" aria-labelledby=""overlayModalLabel"" aria-hidden=""true"">
  <div class=""modal-dialog modal-dialog-centered modal-lg"" role=""document"">
    <div class=""modal-content"">
      <button class=""nav-btn nav-btn-left"" id=""prevImage"">&lt;</button>
      <button class=""nav-btn nav-btn-right"" id=""nextImage"">&gt;</button>
      <div class=""modal-body"">
        <img src="""" class=""img-fluid"" id=""overlayImage"" />
        <p id=""imageCaption""></p>
      </div>
      <div class=""modal-footer"">
        <button type=""button"" class=""btn btn-secondary"" data-dismiss=""modal"">Close</button>
      </div>
    </div>
  </div>
</div>
"
2024-07-04 21:54:40,Toshiba,192.168.100.200,"<div class=""screenshots-container"">
  {% for screenshot in screenshots %}
  <div class=""screenshot-item"">
    <img
      src=""http://localhost:8000/{{ screenshot.filename }}""
      alt=""Screenshot""
      class=""screenshot-thumbnail""
      data-image=""http://localhost:8000/{{ screenshot.filename }}""
      data-toggle=""modal""
      data-target=""#overlayModal""
      data-caption=""Username: {{ screenshot.username }}""
    />
  </div>
  {% endfor %}
</div>"
2024-07-04 21:55:03,Toshiba,192.168.100.200,"<div class=""screenshots-container"">
  {% for screenshot in screenshots %}
  <div class=""screenshot-item"">
    <img
      src=""http://localhost:8000/{{ screenshot.filename }}""
      alt=""Screenshot""
      class=""screenshot-thumbnail""
      data-image=""http://localhost:8000/{{ screenshot.filename }}""
      data-toggle=""modal""
      data-target=""#overlayModal""
      data-caption=""Username: {{ screenshot.username }}""
    />
  </div>
  {% endfor %}
</div>

<!-- Modal for overlay view -->
<div class=""modal fade"" id=""overlayModal"" tabindex=""-1"" role=""dialog"" aria-labelledby=""overlayModalLabel"" aria-hidden=""true"">
  <div class=""modal-dialog modal-dialog-centered modal-lg"" role=""document"">
    <div class=""modal-content"">
      <button class=""nav-btn nav-btn-left"" id=""prevImage"">&lt;</button>
      <button class=""nav-btn nav-btn-right"" id=""nextImage"">&gt;</button>
      <div class=""modal-body"">
        <img src="""" class=""img-fluid"" id=""overlayImage"" />
        <p id=""imageCaption""></p>
      </div>
      <div class=""modal-footer"">
        <button type=""button"" class=""btn btn-secondary"" data-dismiss=""modal"">Close</button>
      </div>
    </div>
  </div>
</div>
"
2024-07-04 21:55:36,Toshiba,192.168.100.200,".screenshots-container {
  display: flex;
  flex-wrap: wrap;
  gap: 15px; /* Adjust the gap value as needed */
  justify-content: space-around;
}

.screenshot-item {
  width: calc(33.33% - 10px); /* Adjust percentage for the number of columns */
  margin-bottom: 15px; /* Space between rows */
}

.screenshot-thumbnail {
  width: 100%;
  height: auto;
  border-radius: 5px;
}"
2024-07-04 21:57:33,Toshiba,192.168.100.200,"div class=""col-btn"">
              <!-- Buttons Section -->
              <div
                class=""btn-group d-flex align-items-start""
                role=""group""
                aria-label=""Toggle Buttons""
              >
                <button
                  type=""button""
                  class=""btn rounded-pill btn-primary mx-2""
                  id=""btnKeystrokes""
                  data-toggle=""button"" 
                  aria-pressed=""false""
                >
                  Keystrokes

            </button>
                <button
                  class=""btn rounded-pill btn-outline-primary active mx-2""
                  id=""btnScreenshots""
                  data-toggle=""button"" 
                  aria-pressed=""false""
                  >

                  Screenshots

                <button
                  type=""button""
                  class=""btn rounded-pill btn-outline-primary mx-2""
                  id=""btnVideos""
                  data-toggle=""button"" 
                  aria-pressed=""false""
                >
                  Videos
                </button>
              </div>
            </div>
          </div>"
2024-07-04 22:03:24,Toshiba,192.168.100.200,"$(document).ready(function() {
  let currentIndex;
  const images = $('.screenshot-thumbnail');

  // Image click event to show overlay modal
  $(document).on('click', '.screenshot-thumbnail', function() {
    currentIndex = images.index(this);
    const imageUrl = $(this).data('image');
    const caption = $(this).data('caption');
    $('#overlayImage').attr('src', imageUrl);
    $('#imageCaption').text(caption);
    $('#overlayModal').modal('show');
  });

  // Navigation buttons for overlay modal
  $('#prevImage').click(function() {
    currentIndex = (currentIndex - 1 + images.length) % images.length;
    const prevImage = images[currentIndex];
    const imageUrl = $(prevImage).data('image');
    const caption = $(prevImage).data('caption');
    $('#overlayImage').attr('src', imageUrl);
    $('#imageCaption').text(caption);
  });

  $('#nextImage').click(function() {
    currentIndex = (currentIndex + 1) % images.length;
    const nextImage = images[currentIndex];
    const imageUrl = $(nextImage).data('image');
    const caption = $(nextImage).data('caption');
    $('#overlayImage').attr('src', imageUrl);
    $('#imageCaption').text(caption);
  });
});
"
2024-07-04 22:04:15,Toshiba,192.168.100.200,".screenshots-container {
  display: flex;
  flex-wrap: wrap;
  gap: 15px; /* Adjust the gap value as needed */
  justify-content: space-around;
}

.screenshot-item {
  width: calc(33.33% - 10px); /* Adjust percentage for the number of columns */
  margin-bottom: 15px; /* Space between rows */
}

.screenshot-thumbnail {
  width: 100%;
  height: auto;
  border-radius: 5px;
}

.modal-body {
  position: relative;
  text-align: center;
}

.nav-btn {
  position: absolute;
  top: 50%;
  transform: translateY(-50%);
  background-color: rgba(0, 0, 0, 0.5);
  color: white;
  border: none;
  padding: 10px;
  cursor: pointer;
}

.nav-btn-left {
  left: 10px;
}

.nav-btn-right {
  right: 10px;
}

#overlayImage {
  max-width: 100%;
  height: auto;
}

#imageCaption {
  margin-top: 10px;
}
"
2024-07-04 22:05:12,Toshiba,192.168.100.200,"<div class=""screenshots-container"">
  {% for screenshot in screenshots %}
  <div class=""screenshot-item"">
    <img
      src=""http://localhost:8000/{{ screenshot.filename }}""
      alt=""Screenshot""
      class=""screenshot-thumbnail""
      data-image=""http://localhost:8000/{{ screenshot.filename }}""
      data-toggle=""modal""
      data-target=""#overlayModal""
      data-caption=""Username: {{ screenshot.username }}""
    />
  </div>
  {% endfor %}
</div>

<!-- Modal for overlay view -->
<div class=""modal fade"" id=""overlayModal"" tabindex=""-1"" role=""dialog"" aria-labelledby=""overlayModalLabel"" aria-hidden=""true"">
  <div class=""modal-dialog modal-dialog-centered modal-lg"" role=""document"">
    <div class=""modal-content"">
      <div class=""modal-body"">
        <button class=""nav-btn nav-btn-left"" id=""prevImage"">&lt;</button>
        <button class=""nav-btn nav-btn-right"" id=""nextImage"">&gt;</button>
        <img src="""" class=""img-fluid"" id=""overlayImage"" />
        <p id=""imageCaption""></p>
      </div>
      <div class=""modal-footer"">
        <button type=""button"" class=""btn btn-secondary"" data-dismiss=""modal"">Close</button>
      </div>
    </div>
  </div>
</div>
"
2024-07-04 22:06:53,Toshiba,192.168.100.200,"padding: 0;
  overflow: hidden;"
2024-07-04 22:08:50,Toshiba,192.168.100.200,modal-content
2024-07-04 22:15:40,Toshiba,192.168.100.200,"<!-- Modal for overlay view -->
<div class=""modal fade"" id=""overlayModal"" tabindex=""-1"" role=""dialog"" aria-labelledby=""overlayModalLabel"" aria-hidden=""true"">
  <div class=""modal-dialog modal-dialog-centered modal-lg"" role=""document"">
    <div class=""modal-content"">
      <div class=""modal-body"">
        <button type=""button"" class=""close nav-btn-top-right"" data-dismiss=""modal"" aria-label=""Close"">
          <span aria-hidden=""true"">&times;</span>
        </button>
        <button class=""nav-btn nav-btn-left"" id=""prevImage"">&lt;</button>
        <button class=""nav-btn nav-btn-right"" id=""nextImage"">&gt;</button>
        <img src="""" class=""img-fluid"" id=""overlayImage"" />
      </div>
      <div class=""modal-footer justify-content-center"">
        <div class=""nav-dots"" id=""navDots""></div>
      </div>
    </div>
  </div>
</div>
"
2024-07-04 22:15:53,Toshiba,192.168.100.200,"/* General styling for screenshots */
.screenshots-container {
  display: flex;
  flex-wrap: wrap;
  gap: 15px; /* Adjust the gap value as needed */
  justify-content: space-around;
}

.screenshot-item {
  width: calc(33.33% - 10px); /* Adjust percentage for the number of columns */
  margin-bottom: 15px; /* Space between rows */
}

.screenshot-thumbnail {
  width: 100%;
  height: auto;
  border-radius: 5px;
}

/* Modal styling */
.modal-body {
  position: relative;
  text-align: center;
  padding: 0;
  overflow: hidden;
}

.nav-btn {
  position: absolute;
  top: 50%;
  transform: translateY(-50%);
  background-color: rgba(0, 0, 0, 0.5);
  color: white;
  border: none;
  padding: 10px;
  cursor: pointer;
  z-index: 1000;
}

.nav-btn-left {
  left: 10px;
}

.nav-btn-right {
  right: 10px;
}

.nav-btn-top-right {
  position: absolute;
  top: 10px;
  right: 10px;
  background: none;
  border: none;
  color: white;
  font-size: 1.5rem;
  z-index: 1100;
}

#overlayImage {
  max-width: 90%;
  max-height: 90vh;
  width: auto;
  height: auto;
  margin: auto;
}

/* Navigation dots styling */
.nav-dots {
  display: flex;
  gap: 10px;
}

.nav-dots .dot {
  width: 10px;
  height: 10px;
  background-color: #ccc;
  border-radius: 50%;
  cursor: pointer;
}

.nav-dots .dot.active {
  background-color: #007bff;
}"
2024-07-04 22:16:28,Toshiba,192.168.100.200,"$(document).ready(function() {
  var currentIndex = 0;
  var screenshots = [];

  // Function to close the overlay modal
  function closeModal() {
    $('#overlayModal').modal('hide');
  }

  // Function to show the image at the specified index
  function showImage(index) {
    $('#overlayImage').attr('src', screenshots[index].src);
    updateDots(index);
  }

  // Function to update the navigation dots
  function updateDots(index) {
    $('#navDots .dot').removeClass('active');
    $('#navDots .dot').eq(index).addClass('active');
  }

  // Listen for click on Keystrokes button (if needed)
  $('#btnKeystrokes').click(function() {
    // Implement behavior for Keystrokes button click (if needed)
  });

  // Listen for click on Screenshots button (if needed)
  $('#btnScreenshots').click(function() {
    // Load content from screenshots.html using AJAX
    $.ajax({
      url: 'screenshots.html',
      type: 'GET',
      success: function(data) {
        $('#screenshotsContent').html(data);  // Load HTML content into screenshotsContent div
        $('#screenshotsContent').show();      // Show Screenshots content
        $('#keystrokesContent').hide();       // Hide Keystrokes content
      },
      error: function(xhr, status, error) {
        console.error('Error loading screenshots:', error);
        // Handle error loading screenshots.html
      }
    });
  });

  // Listen for click on Videos button (if needed)
  $('#btnVideos').click(function() {
    // Implement behavior for Videos button click (if needed)
  });

  // Initialize the screenshots array and dots
  $('.screenshot-thumbnail').each(function(index) {
    screenshots.push({
      src: $(this).attr('src'),
      caption: $(this).data('caption')
    });

    $('#navDots').append('<div class=""dot"" data-index=""' + index + '""></div>');
  });

  // Show the first image initially
  if (screenshots.length > 0) {
    showImage(0);
  }

  // Event listener for navigation dots
  $('#navDots').on('click', '.dot', function() {
    var index = $(this).data('index');
    currentIndex = index;
    showImage(index);
  });

  // Event listeners for navigation buttons
  $('#prevImage').click(function() {
    currentIndex = (currentIndex > 0) ? currentIndex - 1 : screenshots.length - 1;
    showImage(currentIndex);
  });

  $('#nextImage').click(function() {
    currentIndex = (currentIndex < screenshots.length - 1) ? currentIndex + 1 : 0;
    showImage(currentIndex);
  });

  // Initialize modal with the first image
  if (screenshots.length > 0) {
    showImage(0);
  }
});
"
2024-07-04 22:20:58,Toshiba,192.168.100.200,"('static', filename="
2024-07-04 22:21:44,Toshiba,192.168.100.200,"/* General styling for screenshots */
.screenshots-container {
  display: flex;
  flex-wrap: wrap;
  gap: 15px; /* Adjust the gap value as needed */
  justify-content: space-around;
}

.screenshot-item {
  width: calc(33.33% - 10px); /* Adjust percentage for the number of columns */
  margin-bottom: 15px; /* Space between rows */
}

.screenshot-thumbnail {
  width: 100%;
  height: auto;
  border-radius: 5px;
}

/* Modal styling */
.modal-dialog {
  max-width: 80%;
}

.modal-content.no-border {
  border: none;
  background: transparent;
}

.modal-body {
  position: relative;
  text-align: center;
  padding: 0;
  overflow: hidden;
}

.nav-btn {
  position: absolute;
  top: 50%;
  transform: translateY(-50%);
  background-color: rgba(0, 0, 0, 0.5);
  color: white;
  border: none;
  padding: 10px;
  cursor: pointer;
  z-index: 1000;
}

.nav-btn-left {
  left: 10px;
}

.nav-btn-right {
  right: 10px;
}

.nav-btn-top-right {
  position: absolute;
  top: 10px;
  right: 10px;
  background: none;
  border: none;
  color: white;
  font-size: 1.5rem;
  z-index: 1100;
}

#overlayImage {
  max-width: 100%;
  max-height: 80vh;
  width: auto;
  height: auto;
  margin: auto;
}

/* Navigation dots styling */
.nav-dots {
  display: flex;
  gap: 10px;
}

.nav-dots .dot {
  width: 10px;
  height: 10px;
  background-color: #ccc;
  border-radius: 50%;
  cursor: pointer;
}

.nav-dots .dot.active {
  background-color: #007bff;
}
"
2024-07-04 22:21:55,Toshiba,192.168.100.200,"<!DOCTYPE html>
<html lang=""en"">
  <head>
    <meta charset=""UTF-8"" />
    <meta name=""viewport"" content=""width=device-width, initial-scale=1.0"" />
    <title>ProximaLink Dashboard</title>
    <link
      href=""https://fonts.googleapis.com/css2?family=Roboto:wght@400;700&display=swap""
      rel=""stylesheet""
    />
    <link
      href=""https://fonts.googleapis.com/css2?family=Open+Sans:wght@400;700&display=swap""
      rel=""stylesheet""
    />
    <link
      href=""https://fonts.googleapis.com/css2?family=Lato:wght@400;700&display=swap""
      rel=""stylesheet""
    />
    <link
      rel=""stylesheet""
      href=""https://stackpath.bootstrapcdn.com/bootstrap/4.5.2/css/bootstrap.min.css""
    />
    <link
      rel=""stylesheet""
      href=""{{ url_for('static', filename='styles.css') }}""
    />
  </head>
  <body>
    <header class=""flex-fill align-self-center"">
      <div class=""container-fluid flex-fill align-items-center"">
        <div class=""flex-grow-1 logo"">
          <img
            src=""/static/icons/PureWhite.png""
            class=""img-fluid""
            alt=""logo-white""
          />
        </div>
        <div class=""header-content flex-fill"">
          <h1>ProximaLink Dashboard</h1>
          <p>Welcome to the monitoring dashboard.</p>
        </div>
      </div>
    </header>

    <div class=""container-fluid"">
      <div class=""row"">
        <aside class=""col-md-2 py-3"">
          <h2>Users</h2>
          <ul class=""list-unstyled"">
            {% if unique_users %} {% for user in unique_users %}
            <li class=""user-item"">{{ user }}</li>
            {% endfor %} {% else %}
            <p>No users found yet.</p>
            {% endif %}
          </ul>
        </aside>

        <main class=""col-md-10"">
          <div class=""d-flex justify-content-between align-self-center"">
            <div class=""col-btn"">
              <!-- Buttons Section -->
              <div
                class=""btn-group d-flex align-items-start""
                role=""group""
                aria-label=""Toggle Buttons""
              >
                <button
                  type=""button""
                  class=""btn rounded-pill btn-primary mx-2""
                  id=""btnKeystrokes""
                  data-toggle=""button"" 
                  aria-pressed=""false""
                >
                  Keystrokes

            </button>
                <button
                  class=""btn rounded-pill btn-outline-primary active mx-2""
                  id=""btnScreenshots""
                  data-toggle=""button"" 
                  aria-pressed=""false""
                  >

                  Screenshots

                <button
                  type=""button""
                  class=""btn rounded-pill btn-outline-primary mx-2""
                  id=""btnVideos""
                  data-toggle=""button"" 
                  aria-pressed=""false""
                >
                  Videos
                </button>
              </div>
            </div>
          </div>

          <!-- Vertical Separator -->
          <div class=""col-1 separator"">
            <hr class=""my-3"" />
          </div>

          <!-- Content Sections -->
          <div id=""keystrokesContent"">
            <!-- Initial content for Keystrokes -->
            <div class=""row"">
              <div class=""col"">
                {% if all_logs %} {% for log in all_logs %}
                <div class=""log-entry border rounded mb-3"">
                  <p>{{ log.text }}</p>
                  <p class=""timestamp text-left"">{{ log.timestamp }}</p>
                </div>
                {% endfor %} {% else %}
                <!-- Display a message if no logs are found -->
                <div class=""alert alert-info text-center"" role=""alert"">
                  No logs found yet. Monitor activity for data to appear.
                </div>
                {% endif %}
              </div>
            </div>
          </div>

          <div id=""screenshotsContent"" style=""display: none"">
            <!-- Placeholder for Screenshots content loaded via AJAX -->
          </div>
        </main>
      </div>
    </div>

    <footer style=""margin-top: 15px"">
      <p>ProximaLink Monitoring &copy; 2024</p>
    </footer>

    <!-- JavaScript Libraries -->
    <script src=""https://code.jquery.com/jquery-3.6.0.min.js""></script>
    <script src=""https://cdn.jsdelivr.net/npm/@popperjs/core@2.5.3/dist/umd/popper.min.js""></script>
    <script src=""https://stackpath.bootstrapcdn.com/bootstrap/4.5.2/js/bootstrap.min.js""></script>

    <!-- Custom JavaScript for Toggling Content -->
    <script>
      $(document).ready(function () {
        // Handle click on Keystrokes button
        $(""#btnKeystrokes"").click(function () {
          $(""#keystrokesContent"").show(); // Show Keystrokes content
          $(""#screenshotsContent"").hide(); // Hide Screenshots content
        });

        // Handle click on Screenshots button
        $(""#btnScreenshots"").click(function () {
          // Load content from screenshots.html using AJAX
          $.ajax({
            url: ""screenshots.html"",
            type: ""GET"",
            success: function (data) {
              $(""#screenshotsContent"").html(data); // Load HTML content into screenshotsContent div
              $(""#screenshotsContent"").show(); // Show Screenshots content
              $(""#keystrokesContent"").hide(); // Hide Keystrokes content
            },
            error: function (xhr, status, error) {
              console.error(""Error loading screenshots:"", error);
              // Handle error loading screenshots.html
            },
          });
        });

        // Handle click on Videos button (if needed)
        $(""#btnVideos"").click(function () {
          // Handle click on Videos button if required
        });
      });
    </script>
  </body>
</html>
"
2024-07-04 22:22:42,Toshiba,192.168.100.200,"<!DOCTYPE html>
<html lang=""en"">
  <head>
    <meta charset=""UTF-8"" />
    <meta name=""viewport"" content=""width=device-width, initial-scale=1.0"" />
    <title>ProximaLink Dashboard</title>
    <link
      href=""https://fonts.googleapis.com/css2?family=Roboto:wght@400;700&display=swap""
      rel=""stylesheet""
    />
    <link
      href=""https://fonts.googleapis.com/css2?family=Open+Sans:wght@400;700&display=swap""
      rel=""stylesheet""
    />
    <link
      href=""https://fonts.googleapis.com/css2?family=Lato:wght@400;700&display=swap""
      rel=""stylesheet""
    />
    <link
      rel=""stylesheet""
      href=""https://stackpath.bootstrapcdn.com/bootstrap/4.5.2/css/bootstrap.min.css""
    />
    <link
      rel=""stylesheet""
      href=""{{ url_for('static', filename='styles.css') }}""
    />
   
  </head>
  <body>
    <header class=""flex-fill align-self-center"">
      <div class=""container-fluid flex-fill align-items-center"">
        <div class=""flex-grow-1 logo"">
          <img
            src=""/static/icons/PureWhite.png""
            class=""img-fluid""
            alt=""logo-white""
          />
        </div>
        <div class=""header-content flex-fill"">
          <h1>ProximaLink Dashboard</h1>
          <p>Welcome to the monitoring dashboard.</p>
        </div>
      </div>
    </header>

    <div class=""container-fluid"">
      <div class=""row"">
        <aside class=""col-md-2 py-3"">
          <h2>Users</h2>
          <ul class=""list-unstyled"">
            {% if unique_users %} {% for user in unique_users %}
            <li class=""user-item"">{{ user }}</li>
            {% endfor %} {% else %}
            <p>No users found yet.</p>
            {% endif %}
          </ul>
        </aside>

        <main class=""col-md-10"">
          <div class=""d-flex justify-content-between align-self-center"">
            <div class=""col-btn"">
              <!-- Buttons Section -->
              <div
                class=""btn-group d-flex align-items-start""
                role=""group""
                aria-label=""Toggle Buttons""
              >
                <button
                  type=""button""
                  class=""btn rounded-pill btn-primary mx-2""
                  id=""btnKeystrokes""
                  data-toggle=""button"" 
                  aria-pressed=""false""
                >
                  Keystrokes

            </button>
                <button
                  class=""btn rounded-pill btn-outline-primary active mx-2""
                  id=""btnScreenshots""
                  data-toggle=""button"" 
                  aria-pressed=""false""
                  >

                  Screenshots

                <button
                  type=""button""
                  class=""btn rounded-pill btn-outline-primary mx-2""
                  id=""btnVideos""
                  data-toggle=""button"" 
                  aria-pressed=""false""
                >
                  Videos
                </button>
              </div>
            </div>
          </div>

          <!-- Vertical Separator -->
          <div class=""col-1 separator"">
            <hr class=""my-3"" />
          </div>

          <div class=""screenshots-container"">
  {% for screenshot in screenshots %}
  <div class=""screenshot-item"">
    <img
      src=""http://localhost:8000/{{ screenshot.filename }}""
      alt=""Screenshot""
      class=""screenshot-thumbnail""
      data-image=""http://localhost:8000/{{ screenshot.filename }}""
      data-toggle=""modal""
      data-target=""#overlayModal""
      data-caption=""Username: {{ screenshot.username }}""
    />
  </div>
  {% endfor %}
</div>

<!-- Modal for overlay view -->
<div class=""modal fade"" id=""overlayModal"" tabindex=""-1"" role=""dialog"" aria-labelledby=""overlayModalLabel"" aria-hidden=""true"">
  <div class=""modal-dialog modal-dialog-centered modal-lg"" role=""document"">
    <div class=""modal-content"">
      <div class=""modal-body"">
        <button type=""button"" class=""close nav-btn-top-right"" data-dismiss=""modal"" aria-label=""Close"">
          <span aria-hidden=""true"">&times;</span>
        </button>
        <button class=""nav-btn nav-btn-left"" id=""prevImage"">&lt;</button>
        <button class=""nav-btn nav-btn-right"" id=""nextImage"">&gt;</button>
        <img src="""" class=""img-fluid"" id=""overlayImage"" />
      </div>
      <div class=""modal-footer justify-content-center"">
        <div class=""nav-dots"" id=""navDots""></div>
      </div>
    </div>
  </div>
</div>


</main>


    <footer style=""margin-top: 15px"">
      <p>ProximaLink Monitoring &copy; 2024</p>
    </footer>

    <!-- JavaScript Libraries -->
    <script src=""https://code.jquery.com/jquery-3.6.0.min.js""></script>
    <script src=""https://cdn.jsdelivr.net/npm/@popperjs/core@2.5.3/dist/umd/popper.min.js""></script>
    <script src=""https://stackpath.bootstrapcdn.com/bootstrap/4.5.2/js/bootstrap.min.js""></script>
    <script src=""{{url_for('static', filename=""screenshot.js"")}}"">
</script>
  </body>
</html>
"
2024-07-04 22:25:17,Toshiba,192.168.100.200,"/* Primary Colors */
:root {
  --primary-blue: #00c7fd;
  --primary-darker-blue: #0071c5;
  --blue: #007bff;
  --indigo: #6610f2;
  --purple: #6f42c1;
  --pink: #e83e8c;
  --red: #dc3545;
  --orange: #fd7e14;
  --yellow: #ffc107;
  --green: #28a745;
  --teal: #20c997;
  --cyan: #17a2b8;
  --white: #fff;
  --primary: #007bff;
  --secondary: #6c757d;
  --success: #28a745;
  --info: #17a2b8;
  --warning: #ffc107;
  --danger: #dc3545;
  --light: #f8f9fa;
  --black: #000;
  --primary-dark: #191c24;
  --gray-dark: #343a40;
  --gray: #6c757d;
}

/* Secondary Colors */
:root {
  --secondary-white: #ffffff;
  --secondary-green: #198754;
  --secondary-light-blue: #0dcaf0;
  --secondary-red: #ab2e3c;
  --secondary-yellow: #ffc107;
}

body {
  font-family: 'Roboto', 'Open Sans', 'Lato', Arial, sans-serif;
  background-color: var(--black);
  color: var(--secondary-white);
  overflow-x: hidden;
  /* Prevent horizontal overflow */
}

header {
  background-color: var(--gray-dark);
  color: #fff;
  padding: 15px 0;
  text-align: center;
  width: 100%;
}

header .logo img {
  max-width: 100%;
  height: auto;
}

.container-fluid {
  display: flex;
  justify-content: space-between;
  align-items: center;
}

.logo {
  max-width: 150px;
  /* Adjust this value based on your preference */
}

/* User section */
.user-item {
  background-color: #00c7fd;
  /* Primary color */
  color: #fff;
  font-weight: 400;
  font-size: small;
  padding: 10px;
  margin-bottom: 5px;
  border-radius: 5px;
  cursor: pointer;
  text-align: center;
}

.user-item:hover {
  background-color: #0071c5;
  /* Darker shade on hover */
}

/* Log entry */
.log-entry {
  background-color: var(--primary-dark);
  word-wrap: break-word;
  padding: 10px;
  margin-bottom: 15px;
  border: 1px solid #ccc;
  border-radius: 5px;
}

aside {
  background-color: var(--gray-dark);
  color: #fff;
  padding-left: 0;
  /* Remove left padding */
  padding-right: 0;
}

.timestamp {
  font-size: 0.9em;
  color: #999;
  text-align: left;
}

/* Tags */
.tags-container {
  margin-top: 10px;
}

.tag {
  cursor: pointer;
  padding: 5px 10px;
  background-color: #007bff;
  /* Primary color */
  color: #fff;
  border-radius: 8px;
  margin-right: 10px;
}

.tag:hover {
  background-color: #0056b3;
  /* Darker shade on hover */
}

/* Users section */
.user-section {
  margin-bottom: 20px;
  padding: 10px;
  border: 1px solid #ccc;
  border-radius: 5px;
}

.col-md-10 {
  padding: 30px;
}

/* Main content */
.main-content {
  padding: 20px 0;
  /* Fix comma here */
}

.user-section h2 {
  color: #0071c5;
  /* Primary color */
  font-weight: 600;
  border-bottom: 2px solid #ccc;
  padding-bottom: 10px;
}



.row div div p.timestamp {
  color: var(--light);
}

.btn {
  padding-right: 15px;
}

footer {
  background-color: #191c24;
  position: fixed;
  left: 0;
  bottom: 0;
  width: 100%;
  color: white;
  text-align: center;
}

footer p {
  margin-top: 15px;
}


/* should be removed after testing*/
/* General styling for screenshots */
.screenshots-container {
  display: flex;
  flex-wrap: wrap;
  gap: 15px;
  /* Adjust the gap value as needed */
  justify-content: space-around;
}

.screenshot-item {
  width: calc(33.33% - 10px);
  /* Adjust percentage for the number of columns */
  margin-bottom: 15px;
  /* Space between rows */
}

.screenshot-thumbnail {
  width: 100%;
  height: auto;
  border-radius: 5px;
}

/* Modal styling */
.modal-body {
  position: relative;
  text-align: center;
  padding: 0;
  overflow: hidden;
}

.nav-btn {
  position: absolute;
  top: 50%;
  transform: translateY(-50%);
  background-color: rgba(0, 0, 0, 0.5);
  color: white;
  border: none;
  padding: 10px;
  cursor: pointer;
  z-index: 1000;
}

.nav-btn-left {
  left: 10px;
}

.nav-btn-right {
  right: 10px;
}

.nav-btn-top-right {
  position: absolute;
  top: 10px;
  right: 10px;
  background: none;
  border: none;
  color: white;
  font-size: 1.5rem;
  z-index: 1100;
}

#overlayImage {
  max-width: 90%;
  max-height: 90vh;
  width: auto;
  height: auto;
  margin: auto;
}

/* Navigation dots styling */
.nav-dots {
  display: flex;
  gap: 10px;
}

.nav-dots .dot {
  width: 10px;
  height: 10px;
  background-color: #ccc;
  border-radius: 50%;
  cursor: pointer;
}

.nav-dots .dot.active {
  background-color: #007bff;
}
"
